title,description,category,priority,status,estimated_hours,dependency_count,issue_count,hours_since_update,hours_until_due,risk_level
Work Item 1,Operational work item for support,Support,MEDIUM,OPEN,30.59,4,6,87.84,144.48,HIGH
Work Item 2,Operational work item for inspection,Inspection,LOW,OPEN,13.33,2,6,6.97,208.15,LOW
Work Item 3,Operational work item for inspection,Inspection,MEDIUM,DONE,48.49,2,5,6.77,173.84,LOW
Work Item 4,Operational work item for inspection,Inspection,MEDIUM,OPEN,75.15,1,7,119.07,148.96,HIGH
Work Item 5,Operational work item for inspection,Inspection,LOW,IN_PROGRESS,49.32,4,3,2.77,126.9,LOW
Work Item 6,Operational work item for operations,Operations,MEDIUM,BLOCKED,32.59,3,3,43.96,110.54,MEDIUM
Work Item 7,Operational work item for support,Support,MEDIUM,IN_PROGRESS,63.03,2,3,61.71,142.99,MEDIUM
Work Item 8,Operational work item for maintenance,Maintenance,HIGH,OPEN,4.67,2,6,20.46,17.48,HIGH
Work Item 9,Operational work item for maintenance,Maintenance,MEDIUM,IN_PROGRESS,75.96,3,5,97.01,74.5,HIGH
Work Item 10,Operational work item for inspection,Inspection,LOW,BLOCKED,8.72,3,3,52.82,31.05,HIGH
Work Item 11,Operational work item for support,Support,LOW,OPEN,40.12,2,5,46.93,45.37,MEDIUM
Work Item 12,Operational work item for development,Development,MEDIUM,DONE,60.67,5,5,24.95,137.11,HIGH
Work Item 13,Operational work item for development,Development,MEDIUM,DONE,3.47,1,1,53.97,96.05,LOW
Work Item 14,Operational work item for operations,Operations,LOW,OPEN,74.21,5,6,62.5,230.76,HIGH
Work Item 15,Operational work item for maintenance,Maintenance,HIGH,IN_PROGRESS,67.72,4,1,64.76,141.65,HIGH
Work Item 16,Operational work item for maintenance,Maintenance,MEDIUM,OPEN,77.26,3,3,33.12,72.51,MEDIUM
Work Item 17,Operational work item for maintenance,Maintenance,MEDIUM,DONE,14.06,0,6,50.81,95.98,LOW
Work Item 18,Operational work item for development,Development,HIGH,IN_PROGRESS,24.19,2,2,84.82,175.5,MEDIUM
Work Item 19,Operational work item for support,Support,MEDIUM,IN_PROGRESS,61.93,4,1,43.02,29.58,HIGH
Work Item 20,Operational work item for inspection,Inspection,MEDIUM,IN_PROGRESS,69.19,3,1,11.45,90.25,LOW
Work Item 21,Operational work item for maintenance,Maintenance,MEDIUM,OPEN,53.84,4,2,70.96,67.38,MEDIUM
Work Item 22,Operational work item for operations,Operations,LOW,IN_PROGRESS,45.34,2,4,116.61,204.04,MEDIUM
Work Item 23,Operational work item for inspection,Inspection,LOW,IN_PROGRESS,58.02,5,6,4.85,171.14,MEDIUM
Work Item 24,Operational work item for support,Support,LOW,OPEN,9.76,3,4,24.21,215.19,LOW
Work Item 25,Operational work item for operations,Operations,MEDIUM,OPEN,38.55,4,7,83.46,35.16,HIGH
Work Item 26,Operational work item for development,Development,HIGH,IN_PROGRESS,48.75,2,4,27.46,20.32,HIGH
Work Item 27,Operational work item for development,Development,MEDIUM,DONE,23.89,5,3,111.56,194.33,MEDIUM
Work Item 28,Operational work item for operations,Operations,LOW,OPEN,51.04,5,3,96.44,46.4,HIGH
Work Item 29,Operational work item for development,Development,MEDIUM,BLOCKED,71.51,2,7,96.89,215.27,HIGH
Work Item 30,Operational work item for maintenance,Maintenance,HIGH,IN_PROGRESS,26.12,0,0,27.35,103.65,LOW
Work Item 31,Operational work item for development,Development,HIGH,OPEN,65.62,0,2,0.83,123.56,LOW
Work Item 32,Operational work item for inspection,Inspection,LOW,OPEN,33.98,4,0,14.38,82.35,LOW
Work Item 33,Operational work item for development,Development,LOW,OPEN,75.49,5,7,62.25,169.32,HIGH
Work Item 34,Operational work item for operations,Operations,MEDIUM,IN_PROGRESS,29.73,0,1,115.49,61.92,LOW
Work Item 35,Operational work item for operations,Operations,HIGH,IN_PROGRESS,40.28,0,4,34.18,10.78,HIGH
Work Item 36,Operational work item for inspection,Inspection,HIGH,OPEN,49.16,1,3,6.18,68.32,MEDIUM
Work Item 37,Operational work item for support,Support,MEDIUM,IN_PROGRESS,72.75,2,5,17.39,118.49,MEDIUM
Work Item 38,Operational work item for support,Support,MEDIUM,IN_PROGRESS,78.87,3,6,91.39,58.56,HIGH
Work Item 39,Operational work item for support,Support,MEDIUM,IN_PROGRESS,58.53,4,3,118.01,96.92,HIGH
Work Item 40,Operational work item for operations,Operations,HIGH,BLOCKED,65.5,0,0,38.49,46.39,HIGH
Work Item 41,Operational work item for support,Support,HIGH,DONE,4.22,3,3,81.31,5.95,HIGH
Work Item 42,Operational work item for maintenance,Maintenance,HIGH,IN_PROGRESS,41.46,2,3,77.42,43.5,HIGH
Work Item 43,Operational work item for operations,Operations,LOW,BLOCKED,55.58,1,7,16.5,83.17,HIGH
Work Item 44,Operational work item for inspection,Inspection,HIGH,DONE,9.96,5,1,30.95,159.08,LOW
Work Item 45,Operational work item for inspection,Inspection,MEDIUM,IN_PROGRESS,65.56,0,3,63.56,59.56,MEDIUM
Work Item 46,Operational work item for support,Support,HIGH,DONE,8.36,3,4,108.05,152.68,HIGH
Work Item 47,Operational work item for operations,Operations,LOW,OPEN,27.78,2,2,87.11,215.51,LOW
Work Item 48,Operational work item for development,Development,HIGH,OPEN,71.08,0,7,102.11,224.68,HIGH
Work Item 49,Operational work item for operations,Operations,HIGH,DONE,63.04,3,5,1.1,26.15,HIGH
Work Item 50,Operational work item for development,Development,MEDIUM,OPEN,53.42,4,1,19.3,132.6,LOW
Work Item 51,Operational work item for operations,Operations,HIGH,OPEN,55.66,4,0,21.11,6.3,HIGH
Work Item 52,Operational work item for maintenance,Maintenance,HIGH,IN_PROGRESS,40.02,3,7,77.96,204.12,HIGH
Work Item 53,Operational work item for maintenance,Maintenance,HIGH,BLOCKED,52.95,0,7,11.24,89.52,HIGH
Work Item 54,Operational work item for support,Support,MEDIUM,IN_PROGRESS,21.95,5,5,116.76,95.56,HIGH
Work Item 55,Operational work item for inspection,Inspection,MEDIUM,IN_PROGRESS,71.47,2,2,95.38,121.63,MEDIUM
Work Item 56,Operational work item for inspection,Inspection,LOW,OPEN,46.58,0,4,27.62,120.81,LOW
Work Item 57,Operational work item for maintenance,Maintenance,MEDIUM,OPEN,46.19,0,7,21.25,225.83,MEDIUM
Work Item 58,Operational work item for inspection,Inspection,LOW,BLOCKED,76.36,4,5,44.42,5.68,HIGH
Work Item 59,Operational work item for support,Support,LOW,DONE,74.34,0,5,116.0,231.34,MEDIUM
Work Item 60,Operational work item for development,Development,LOW,OPEN,68.39,4,4,22.91,65.9,MEDIUM
Work Item 61,Operational work item for operations,Operations,LOW,OPEN,39.34,1,0,47.36,202.92,LOW
Work Item 62,Operational work item for development,Development,MEDIUM,OPEN,74.47,5,7,25.07,161.73,HIGH
Work Item 63,Operational work item for inspection,Inspection,HIGH,OPEN,29.33,2,1,105.28,178.3,MEDIUM
Work Item 64,Operational work item for development,Development,MEDIUM,IN_PROGRESS,56.06,2,5,43.14,71.87,MEDIUM
Work Item 65,Operational work item for inspection,Inspection,MEDIUM,BLOCKED,64.94,2,1,104.05,219.35,HIGH
Work Item 66,Operational work item for inspection,Inspection,LOW,BLOCKED,41.4,0,3,95.8,156.69,HIGH
Work Item 67,Operational work item for development,Development,LOW,OPEN,56.46,5,3,106.39,8.57,HIGH
Work Item 68,Operational work item for development,Development,LOW,OPEN,46.73,5,2,55.87,131.15,MEDIUM
Work Item 69,Operational work item for development,Development,LOW,DONE,23.64,1,1,3.66,10.89,LOW
Work Item 70,Operational work item for inspection,Inspection,HIGH,DONE,65.99,5,2,15.25,126.29,MEDIUM
Work Item 71,Operational work item for inspection,Inspection,LOW,DONE,61.83,3,3,74.75,22.31,HIGH
Work Item 72,Operational work item for maintenance,Maintenance,HIGH,DONE,5.08,3,5,64.88,153.71,MEDIUM
Work Item 73,Operational work item for maintenance,Maintenance,LOW,IN_PROGRESS,58.36,4,1,61.96,78.86,LOW
Work Item 74,Operational work item for maintenance,Maintenance,HIGH,DONE,63.82,2,3,89.29,61.7,HIGH
Work Item 75,Operational work item for support,Support,MEDIUM,DONE,15.56,5,6,51.4,165.86,HIGH
Work Item 76,Operational work item for support,Support,HIGH,BLOCKED,5.6,1,0,53.08,59.07,MEDIUM
Work Item 77,Operational work item for operations,Operations,MEDIUM,DONE,8.42,0,7,112.15,153.91,MEDIUM
Work Item 78,Operational work item for maintenance,Maintenance,MEDIUM,IN_PROGRESS,41.82,4,5,87.6,13.36,HIGH
Work Item 79,Operational work item for operations,Operations,LOW,DONE,45.72,2,4,14.42,83.37,LOW
Work Item 80,Operational work item for support,Support,MEDIUM,OPEN,8.25,0,5,102.66,169.47,MEDIUM
Work Item 81,Operational work item for operations,Operations,LOW,IN_PROGRESS,38.46,1,1,58.99,114.69,LOW
Work Item 82,Operational work item for inspection,Inspection,HIGH,IN_PROGRESS,14.68,5,4,47.82,148.57,MEDIUM
Work Item 83,Operational work item for maintenance,Maintenance,HIGH,OPEN,51.17,1,3,44.95,150.95,MEDIUM
Work Item 84,Operational work item for maintenance,Maintenance,LOW,OPEN,40.75,0,7,79.04,40.78,HIGH
Work Item 85,Operational work item for operations,Operations,MEDIUM,DONE,6.57,1,0,104.06,153.46,LOW
Work Item 86,Operational work item for operations,Operations,LOW,IN_PROGRESS,64.27,3,1,68.8,32.58,MEDIUM
Work Item 87,Operational work item for operations,Operations,LOW,IN_PROGRESS,65.09,2,4,75.11,197.26,MEDIUM
Work Item 88,Operational work item for maintenance,Maintenance,MEDIUM,DONE,52.47,2,3,32.88,53.07,MEDIUM
Work Item 89,Operational work item for support,Support,MEDIUM,IN_PROGRESS,30.8,4,2,74.19,82.1,MEDIUM
Work Item 90,Operational work item for support,Support,MEDIUM,IN_PROGRESS,52.8,4,1,81.79,83.07,MEDIUM
Work Item 91,Operational work item for inspection,Inspection,MEDIUM,DONE,21.59,3,1,83.61,151.69,LOW
Work Item 92,Operational work item for operations,Operations,LOW,IN_PROGRESS,70.32,3,0,96.42,69.12,MEDIUM
Work Item 93,Operational work item for maintenance,Maintenance,HIGH,OPEN,15.02,0,7,96.82,237.74,HIGH
Work Item 94,Operational work item for support,Support,MEDIUM,OPEN,33.6,1,0,93.17,83.11,LOW
Work Item 95,Operational work item for support,Support,HIGH,DONE,74.53,4,3,51.48,180.71,HIGH
Work Item 96,Operational work item for operations,Operations,LOW,IN_PROGRESS,60.61,0,5,108.31,122.25,MEDIUM
Work Item 97,Operational work item for operations,Operations,MEDIUM,IN_PROGRESS,66.29,5,4,107.46,94.63,HIGH
Work Item 98,Operational work item for support,Support,LOW,DONE,1.86,0,2,10.95,78.0,LOW
Work Item 99,Operational work item for maintenance,Maintenance,HIGH,OPEN,76.05,3,2,59.16,21.82,HIGH
Work Item 100,Operational work item for operations,Operations,LOW,DONE,8.24,3,0,66.44,52.63,LOW
Work Item 101,Operational work item for maintenance,Maintenance,LOW,OPEN,75.75,0,6,10.94,119.67,LOW
Work Item 102,Operational work item for support,Support,MEDIUM,OPEN,5.55,1,4,88.44,131.93,MEDIUM
Work Item 103,Operational work item for inspection,Inspection,MEDIUM,OPEN,56.76,3,0,91.38,149.14,MEDIUM
Work Item 104,Operational work item for support,Support,LOW,IN_PROGRESS,8.99,5,4,26.71,96.4,LOW
Work Item 105,Operational work item for maintenance,Maintenance,LOW,IN_PROGRESS,71.46,1,4,61.6,57.51,MEDIUM
Work Item 106,Operational work item for development,Development,MEDIUM,OPEN,46.92,4,0,105.64,58.33,MEDIUM
Work Item 107,Operational work item for inspection,Inspection,MEDIUM,IN_PROGRESS,72.71,4,3,42.03,170.55,MEDIUM
Work Item 108,Operational work item for maintenance,Maintenance,LOW,DONE,39.05,3,5,84.61,61.2,MEDIUM
Work Item 109,Operational work item for operations,Operations,MEDIUM,DONE,27.09,5,2,30.44,98.44,LOW
Work Item 110,Operational work item for inspection,Inspection,MEDIUM,IN_PROGRESS,46.15,3,3,92.06,197.82,MEDIUM
Work Item 111,Operational work item for inspection,Inspection,LOW,DONE,59.79,2,4,28.5,97.25,LOW
Work Item 112,Operational work item for maintenance,Maintenance,HIGH,OPEN,38.74,0,7,63.4,105.85,MEDIUM
Work Item 113,Operational work item for operations,Operations,MEDIUM,IN_PROGRESS,64.37,4,7,66.72,78.8,HIGH
Work Item 114,Operational work item for operations,Operations,HIGH,IN_PROGRESS,4.43,4,2,110.29,62.21,HIGH
Work Item 115,Operational work item for maintenance,Maintenance,MEDIUM,DONE,55.94,0,1,19.95,53.6,LOW
Work Item 116,Operational work item for maintenance,Maintenance,HIGH,DONE,24.27,0,4,83.63,93.44,MEDIUM
Work Item 117,Operational work item for support,Support,HIGH,OPEN,59.23,2,3,115.04,15.77,HIGH
Work Item 118,Operational work item for maintenance,Maintenance,MEDIUM,IN_PROGRESS,32.17,3,4,33.29,46.77,MEDIUM
Work Item 119,Operational work item for inspection,Inspection,LOW,BLOCKED,37.63,1,3,70.04,20.5,HIGH
Work Item 120,Operational work item for development,Development,MEDIUM,OPEN,77.98,2,5,3.88,68.58,MEDIUM
Work Item 121,Operational work item for development,Development,LOW,DONE,33.49,4,3,32.51,33.7,LOW
Work Item 122,Operational work item for maintenance,Maintenance,LOW,DONE,7.02,5,1,50.0,140.32,LOW
Work Item 123,Operational work item for development,Development,LOW,IN_PROGRESS,73.61,1,7,105.2,133.28,HIGH
Work Item 124,Operational work item for support,Support,LOW,DONE,14.02,0,5,97.27,236.97,LOW
Work Item 125,Operational work item for operations,Operations,MEDIUM,IN_PROGRESS,12.88,4,1,45.71,232.84,LOW
Work Item 126,Operational work item for support,Support,LOW,OPEN,67.53,4,0,56.24,100.73,MEDIUM
Work Item 127,Operational work item for support,Support,LOW,DONE,22.6,5,3,97.55,239.93,MEDIUM
Work Item 128,Operational work item for support,Support,LOW,IN_PROGRESS,79.73,4,6,92.28,226.85,HIGH
Work Item 129,Operational work item for operations,Operations,MEDIUM,IN_PROGRESS,68.12,0,4,54.07,32.74,HIGH
Work Item 130,Operational work item for operations,Operations,HIGH,OPEN,76.37,4,3,27.44,161.86,HIGH
Work Item 131,Operational work item for development,Development,LOW,OPEN,49.83,3,6,13.63,161.83,MEDIUM
Work Item 132,Operational work item for operations,Operations,LOW,DONE,42.1,5,2,62.42,204.82,MEDIUM
Work Item 133,Operational work item for maintenance,Maintenance,MEDIUM,DONE,44.6,4,5,105.2,98.03,HIGH
Work Item 134,Operational work item for support,Support,MEDIUM,OPEN,11.59,4,4,76.72,193.6,HIGH
Work Item 135,Operational work item for inspection,Inspection,MEDIUM,IN_PROGRESS,72.35,3,1,42.07,142.4,MEDIUM
Work Item 136,Operational work item for support,Support,MEDIUM,IN_PROGRESS,31.99,2,2,108.5,84.88,LOW
Work Item 137,Operational work item for support,Support,MEDIUM,IN_PROGRESS,41.61,3,5,74.65,207.24,HIGH
Work Item 138,Operational work item for development,Development,MEDIUM,OPEN,76.01,3,1,111.19,119.12,HIGH
Work Item 139,Operational work item for operations,Operations,MEDIUM,DONE,21.4,4,1,74.5,84.68,MEDIUM
Work Item 140,Operational work item for inspection,Inspection,MEDIUM,IN_PROGRESS,17.52,2,7,40.99,129.87,MEDIUM
Work Item 141,Operational work item for operations,Operations,LOW,OPEN,37.35,2,5,83.72,44.86,HIGH
Work Item 142,Operational work item for development,Development,MEDIUM,IN_PROGRESS,56.02,0,2,104.92,124.63,LOW
Work Item 143,Operational work item for development,Development,MEDIUM,OPEN,77.88,4,1,26.86,197.59,MEDIUM
Work Item 144,Operational work item for maintenance,Maintenance,MEDIUM,DONE,28.26,1,4,3.82,132.59,LOW
Work Item 145,Operational work item for operations,Operations,MEDIUM,OPEN,43.22,3,1,107.31,32.64,HIGH
Work Item 146,Operational work item for maintenance,Maintenance,LOW,DONE,27.08,2,0,11.07,116.51,LOW
Work Item 147,Operational work item for maintenance,Maintenance,MEDIUM,OPEN,55.33,5,2,110.5,16.54,HIGH
Work Item 148,Operational work item for development,Development,LOW,OPEN,22.87,0,7,89.79,45.92,HIGH
Work Item 149,Operational work item for development,Development,MEDIUM,BLOCKED,17.54,5,5,74.19,89.8,HIGH
Work Item 150,Operational work item for maintenance,Maintenance,MEDIUM,IN_PROGRESS,37.54,4,1,4.4,62.08,LOW
Work Item 151,Operational work item for development,Development,MEDIUM,IN_PROGRESS,57.35,5,2,63.85,27.51,HIGH
Work Item 152,Operational work item for inspection,Inspection,LOW,IN_PROGRESS,36.35,2,2,29.1,66.08,LOW
Work Item 153,Operational work item for inspection,Inspection,HIGH,DONE,30.81,1,6,38.65,52.32,MEDIUM
Work Item 154,Operational work item for operations,Operations,MEDIUM,OPEN,26.87,3,0,106.86,143.28,LOW
Work Item 155,Operational work item for inspection,Inspection,MEDIUM,IN_PROGRESS,54.65,2,0,59.81,22.69,MEDIUM
Work Item 156,Operational work item for operations,Operations,MEDIUM,DONE,43.43,1,6,89.45,104.73,HIGH
Work Item 157,Operational work item for development,Development,HIGH,IN_PROGRESS,11.08,0,4,43.57,155.73,LOW
Work Item 158,Operational work item for operations,Operations,MEDIUM,BLOCKED,46.09,2,4,39.64,224.22,HIGH
Work Item 159,Operational work item for development,Development,MEDIUM,DONE,1.6,4,5,43.84,118.1,MEDIUM
Work Item 160,Operational work item for development,Development,HIGH,BLOCKED,68.21,5,5,96.7,15.25,HIGH
Work Item 161,Operational work item for support,Support,MEDIUM,BLOCKED,67.54,2,2,2.19,167.88,HIGH
Work Item 162,Operational work item for maintenance,Maintenance,MEDIUM,IN_PROGRESS,79.78,5,1,69.12,220.34,MEDIUM
Work Item 163,Operational work item for support,Support,LOW,OPEN,1.42,5,0,58.89,174.05,LOW
Work Item 164,Operational work item for operations,Operations,LOW,IN_PROGRESS,65.85,1,6,64.2,115.44,MEDIUM
Work Item 165,Operational work item for development,Development,LOW,OPEN,67.25,4,5,116.16,171.21,HIGH
Work Item 166,Operational work item for inspection,Inspection,MEDIUM,BLOCKED,16.76,3,0,63.58,170.32,MEDIUM
Work Item 167,Operational work item for development,Development,MEDIUM,IN_PROGRESS,61.65,5,4,60.73,223.82,HIGH
Work Item 168,Operational work item for development,Development,MEDIUM,OPEN,26.33,2,0,44.31,110.12,LOW
Work Item 169,Operational work item for inspection,Inspection,MEDIUM,BLOCKED,44.34,1,3,24.21,164.93,MEDIUM
Work Item 170,Operational work item for development,Development,HIGH,BLOCKED,7.94,4,0,91.23,143.76,HIGH
Work Item 171,Operational work item for support,Support,MEDIUM,DONE,38.25,2,5,12.8,204.47,LOW
Work Item 172,Operational work item for development,Development,MEDIUM,DONE,59.93,1,5,111.95,237.84,MEDIUM
Work Item 173,Operational work item for operations,Operations,MEDIUM,BLOCKED,17.2,2,2,111.17,173.74,HIGH
Work Item 174,Operational work item for support,Support,HIGH,IN_PROGRESS,4.8,4,7,99.35,180.62,HIGH
Work Item 175,Operational work item for support,Support,MEDIUM,OPEN,64.16,2,4,22.37,58.09,MEDIUM
Work Item 176,Operational work item for maintenance,Maintenance,MEDIUM,BLOCKED,51.07,5,3,37.94,142.02,HIGH
Work Item 177,Operational work item for operations,Operations,HIGH,DONE,54.96,5,7,55.52,73.73,HIGH
Work Item 178,Operational work item for operations,Operations,MEDIUM,DONE,60.06,0,0,42.64,95.17,LOW
Work Item 179,Operational work item for development,Development,MEDIUM,OPEN,43.02,4,7,27.48,131.2,HIGH
Work Item 180,Operational work item for inspection,Inspection,LOW,IN_PROGRESS,35.09,2,6,87.67,167.1,MEDIUM
Work Item 181,Operational work item for development,Development,LOW,IN_PROGRESS,14.17,4,0,64.02,214.75,LOW
Work Item 182,Operational work item for development,Development,LOW,BLOCKED,63.3,5,0,37.41,61.14,HIGH
Work Item 183,Operational work item for development,Development,LOW,DONE,59.77,5,3,68.39,183.47,MEDIUM
Work Item 184,Operational work item for inspection,Inspection,LOW,OPEN,70.26,0,5,98.55,28.33,HIGH
Work Item 185,Operational work item for support,Support,MEDIUM,OPEN,67.87,3,7,60.27,130.49,HIGH
Work Item 186,Operational work item for inspection,Inspection,LOW,OPEN,39.42,3,3,92.63,4.9,HIGH
Work Item 187,Operational work item for maintenance,Maintenance,MEDIUM,DONE,48.28,3,3,85.94,144.57,MEDIUM
Work Item 188,Operational work item for maintenance,Maintenance,HIGH,IN_PROGRESS,66.32,5,1,41.1,56.11,HIGH
Work Item 189,Operational work item for operations,Operations,LOW,IN_PROGRESS,34.46,1,5,73.79,219.02,LOW
Work Item 190,Operational work item for support,Support,HIGH,IN_PROGRESS,11.99,1,0,30.72,174.81,LOW
Work Item 191,Operational work item for operations,Operations,MEDIUM,OPEN,47.84,3,3,110.25,190.04,HIGH
Work Item 192,Operational work item for maintenance,Maintenance,HIGH,BLOCKED,2.82,1,0,69.15,146.4,MEDIUM
Work Item 193,Operational work item for inspection,Inspection,HIGH,OPEN,34.51,4,5,112.12,222.29,HIGH
Work Item 194,Operational work item for development,Development,HIGH,IN_PROGRESS,36.62,5,4,118.18,201.66,HIGH
Work Item 195,Operational work item for inspection,Inspection,MEDIUM,BLOCKED,10.85,0,0,104.39,125.48,MEDIUM
Work Item 196,Operational work item for maintenance,Maintenance,MEDIUM,DONE,47.71,4,6,6.57,81.78,MEDIUM
Work Item 197,Operational work item for operations,Operations,LOW,BLOCKED,64.43,4,1,40.02,96.76,HIGH
Work Item 198,Operational work item for operations,Operations,HIGH,BLOCKED,43.45,2,5,41.56,84.57,HIGH
Work Item 199,Operational work item for development,Development,MEDIUM,IN_PROGRESS,59.26,0,7,26.95,109.68,MEDIUM
Work Item 200,Operational work item for support,Support,MEDIUM,OPEN,12.13,0,6,19.86,10.06,MEDIUM
Work Item 201,Operational work item for development,Development,LOW,IN_PROGRESS,25.61,4,6,33.31,54.38,MEDIUM
Work Item 202,Operational work item for development,Development,LOW,DONE,17.8,0,6,117.06,111.24,LOW
Work Item 203,Operational work item for operations,Operations,MEDIUM,IN_PROGRESS,45.03,5,3,64.21,45.9,HIGH
Work Item 204,Operational work item for operations,Operations,HIGH,OPEN,24.67,4,5,90.0,51.96,HIGH
Work Item 205,Operational work item for operations,Operations,MEDIUM,IN_PROGRESS,71.95,5,4,75.0,91.9,HIGH
Work Item 206,Operational work item for inspection,Inspection,LOW,DONE,67.09,2,1,35.29,171.95,LOW
Work Item 207,Operational work item for development,Development,LOW,IN_PROGRESS,42.68,5,3,57.73,120.29,MEDIUM
Work Item 208,Operational work item for support,Support,MEDIUM,IN_PROGRESS,61.46,3,0,40.12,19.97,HIGH
Work Item 209,Operational work item for maintenance,Maintenance,LOW,DONE,60.51,1,1,107.69,127.33,LOW
Work Item 210,Operational work item for support,Support,MEDIUM,IN_PROGRESS,64.26,3,7,85.92,158.82,HIGH
Work Item 211,Operational work item for support,Support,LOW,DONE,3.14,2,7,23.53,122.31,LOW
Work Item 212,Operational work item for maintenance,Maintenance,MEDIUM,IN_PROGRESS,48.01,0,6,68.33,213.22,MEDIUM
Work Item 213,Operational work item for development,Development,LOW,BLOCKED,44.98,1,2,29.18,173.9,MEDIUM
Work Item 214,Operational work item for development,Development,MEDIUM,OPEN,68.6,2,7,47.66,161.0,HIGH
Work Item 215,Operational work item for inspection,Inspection,MEDIUM,IN_PROGRESS,17.19,1,6,75.99,177.15,MEDIUM
Work Item 216,Operational work item for maintenance,Maintenance,LOW,OPEN,68.0,4,2,69.96,102.3,MEDIUM
Work Item 217,Operational work item for development,Development,LOW,IN_PROGRESS,71.52,4,3,40.3,198.38,MEDIUM
Work Item 218,Operational work item for operations,Operations,MEDIUM,IN_PROGRESS,29.68,3,3,74.9,99.44,MEDIUM
Work Item 219,Operational work item for support,Support,LOW,BLOCKED,44.61,1,4,35.34,227.73,MEDIUM
Work Item 220,Operational work item for maintenance,Maintenance,LOW,OPEN,61.32,0,1,67.89,236.52,LOW
Work Item 221,Operational work item for maintenance,Maintenance,LOW,BLOCKED,38.21,0,1,2.7,65.95,LOW
Work Item 222,Operational work item for support,Support,LOW,BLOCKED,43.79,4,0,30.95,35.17,HIGH
Work Item 223,Operational work item for operations,Operations,MEDIUM,DONE,66.96,3,1,63.08,42.86,HIGH
Work Item 224,Operational work item for maintenance,Maintenance,MEDIUM,DONE,22.51,2,5,109.72,30.02,HIGH
Work Item 225,Operational work item for support,Support,LOW,IN_PROGRESS,46.54,5,1,66.5,157.04,LOW
Work Item 226,Operational work item for support,Support,LOW,IN_PROGRESS,66.55,4,1,16.8,64.76,LOW
Work Item 227,Operational work item for support,Support,LOW,OPEN,22.05,2,7,30.09,152.68,LOW
Work Item 228,Operational work item for development,Development,MEDIUM,OPEN,40.05,1,4,100.57,98.24,MEDIUM
Work Item 229,Operational work item for support,Support,LOW,OPEN,61.9,5,7,42.46,230.15,HIGH
Work Item 230,Operational work item for maintenance,Maintenance,MEDIUM,IN_PROGRESS,15.57,4,3,92.52,18.24,HIGH
Work Item 231,Operational work item for development,Development,HIGH,OPEN,67.13,2,7,109.86,173.72,HIGH
Work Item 232,Operational work item for development,Development,LOW,OPEN,49.22,5,1,47.6,229.07,LOW
Work Item 233,Operational work item for inspection,Inspection,LOW,IN_PROGRESS,11.67,0,1,3.74,64.42,LOW
Work Item 234,Operational work item for support,Support,LOW,DONE,48.01,2,0,59.56,144.05,LOW
Work Item 235,Operational work item for operations,Operations,LOW,OPEN,27.41,1,1,12.79,19.88,LOW
Work Item 236,Operational work item for operations,Operations,MEDIUM,IN_PROGRESS,58.53,0,4,82.61,105.49,MEDIUM
Work Item 237,Operational work item for development,Development,LOW,IN_PROGRESS,20.47,2,1,95.93,167.34,LOW
Work Item 238,Operational work item for operations,Operations,HIGH,OPEN,22.5,1,3,43.32,23.8,MEDIUM
Work Item 239,Operational work item for operations,Operations,HIGH,IN_PROGRESS,73.47,4,0,114.03,108.15,HIGH
Work Item 240,Operational work item for inspection,Inspection,LOW,DONE,15.63,5,7,104.75,176.27,HIGH
Work Item 241,Operational work item for maintenance,Maintenance,HIGH,OPEN,64.72,4,5,76.47,235.38,HIGH
Work Item 242,Operational work item for maintenance,Maintenance,LOW,OPEN,72.37,3,6,83.18,14.28,HIGH
Work Item 243,Operational work item for inspection,Inspection,LOW,OPEN,53.92,1,7,111.03,44.98,HIGH
Work Item 244,Operational work item for development,Development,MEDIUM,IN_PROGRESS,45.87,1,6,4.07,167.99,LOW
Work Item 245,Operational work item for support,Support,LOW,OPEN,24.49,1,2,113.31,114.86,LOW
Work Item 246,Operational work item for maintenance,Maintenance,MEDIUM,IN_PROGRESS,69.1,2,1,62.69,155.4,MEDIUM
Work Item 247,Operational work item for operations,Operations,HIGH,BLOCKED,52.36,2,3,14.47,20.31,HIGH
Work Item 248,Operational work item for development,Development,MEDIUM,DONE,56.01,1,6,48.54,138.24,MEDIUM
Work Item 249,Operational work item for maintenance,Maintenance,LOW,OPEN,64.51,3,4,79.4,177.61,HIGH
Work Item 250,Operational work item for inspection,Inspection,HIGH,DONE,42.09,4,1,105.2,101.37,HIGH
Work Item 251,Operational work item for operations,Operations,LOW,BLOCKED,37.49,1,5,0.03,46.14,MEDIUM
Work Item 252,Operational work item for support,Support,MEDIUM,IN_PROGRESS,31.33,2,2,119.75,85.47,LOW
Work Item 253,Operational work item for support,Support,MEDIUM,IN_PROGRESS,61.61,4,5,57.59,151.35,HIGH
Work Item 254,Operational work item for operations,Operations,MEDIUM,DONE,70.02,0,1,11.0,82.06,LOW
Work Item 255,Operational work item for operations,Operations,MEDIUM,IN_PROGRESS,42.28,0,5,0.4,113.22,LOW
Work Item 256,Operational work item for support,Support,LOW,IN_PROGRESS,24.46,1,3,85.87,142.21,LOW
Work Item 257,Operational work item for maintenance,Maintenance,MEDIUM,OPEN,22.9,4,5,5.41,28.05,MEDIUM
Work Item 258,Operational work item for operations,Operations,HIGH,DONE,31.94,3,3,114.77,191.92,MEDIUM
Work Item 259,Operational work item for support,Support,MEDIUM,OPEN,21.46,3,5,117.88,212.44,HIGH
Work Item 260,Operational work item for maintenance,Maintenance,MEDIUM,BLOCKED,48.46,5,4,118.7,178.92,HIGH
Work Item 261,Operational work item for support,Support,MEDIUM,IN_PROGRESS,6.13,3,4,77.96,146.64,MEDIUM
Work Item 262,Operational work item for development,Development,LOW,IN_PROGRESS,41.5,1,2,21.18,54.48,LOW
Work Item 263,Operational work item for development,Development,HIGH,IN_PROGRESS,15.73,2,7,42.02,15.77,HIGH
Work Item 264,Operational work item for maintenance,Maintenance,LOW,IN_PROGRESS,77.56,0,0,111.33,238.79,LOW
Work Item 265,Operational work item for support,Support,LOW,IN_PROGRESS,14.74,1,2,90.99,167.65,LOW
Work Item 266,Operational work item for operations,Operations,MEDIUM,IN_PROGRESS,13.16,2,5,74.75,179.99,MEDIUM
Work Item 267,Operational work item for support,Support,LOW,OPEN,3.75,3,5,103.22,110.87,MEDIUM
Work Item 268,Operational work item for development,Development,LOW,DONE,31.9,2,3,57.2,12.56,MEDIUM
Work Item 269,Operational work item for inspection,Inspection,HIGH,DONE,68.32,1,0,39.49,223.72,LOW
Work Item 270,Operational work item for development,Development,MEDIUM,IN_PROGRESS,59.08,1,7,30.32,3.21,HIGH
Work Item 271,Operational work item for operations,Operations,LOW,IN_PROGRESS,55.96,1,1,9.73,54.4,LOW
Work Item 272,Operational work item for inspection,Inspection,MEDIUM,IN_PROGRESS,54.98,4,4,102.14,119.84,HIGH
Work Item 273,Operational work item for support,Support,LOW,IN_PROGRESS,38.97,4,2,98.96,84.78,LOW
Work Item 274,Operational work item for inspection,Inspection,MEDIUM,IN_PROGRESS,54.56,2,4,32.04,211.11,MEDIUM
Work Item 275,Operational work item for maintenance,Maintenance,LOW,IN_PROGRESS,64.0,3,0,18.88,40.18,LOW
Work Item 276,Operational work item for inspection,Inspection,MEDIUM,IN_PROGRESS,27.39,4,0,111.61,27.19,MEDIUM
Work Item 277,Operational work item for inspection,Inspection,MEDIUM,OPEN,56.22,3,6,105.8,230.79,HIGH
Work Item 278,Operational work item for maintenance,Maintenance,MEDIUM,OPEN,37.77,1,1,98.39,56.41,LOW
Work Item 279,Operational work item for operations,Operations,MEDIUM,BLOCKED,72.79,1,3,66.74,182.08,HIGH
Work Item 280,Operational work item for development,Development,MEDIUM,IN_PROGRESS,21.44,1,7,10.09,79.69,LOW
Work Item 281,Operational work item for operations,Operations,HIGH,OPEN,45.23,1,3,1.09,196.85,LOW
Work Item 282,Operational work item for operations,Operations,LOW,OPEN,11.15,2,5,2.21,104.87,LOW
Work Item 283,Operational work item for inspection,Inspection,MEDIUM,DONE,67.37,3,3,21.54,181.38,MEDIUM
Work Item 284,Operational work item for development,Development,LOW,BLOCKED,63.32,3,7,92.5,227.46,HIGH
Work Item 285,Operational work item for support,Support,LOW,BLOCKED,14.14,3,5,85.03,114.71,HIGH
Work Item 286,Operational work item for support,Support,HIGH,OPEN,5.58,2,1,104.58,233.69,MEDIUM
Work Item 287,Operational work item for development,Development,HIGH,IN_PROGRESS,77.54,3,2,15.61,182.47,MEDIUM
Work Item 288,Operational work item for development,Development,HIGH,IN_PROGRESS,2.94,2,0,38.83,118.3,LOW
Work Item 289,Operational work item for operations,Operations,LOW,IN_PROGRESS,61.86,1,6,53.51,67.12,HIGH
Work Item 290,Operational work item for maintenance,Maintenance,MEDIUM,DONE,79.77,0,2,54.17,40.94,MEDIUM
Work Item 291,Operational work item for development,Development,HIGH,OPEN,63.79,4,2,26.49,21.61,HIGH
Work Item 292,Operational work item for inspection,Inspection,LOW,BLOCKED,54.76,5,2,32.79,228.31,HIGH
Work Item 293,Operational work item for development,Development,LOW,IN_PROGRESS,12.93,3,4,113.23,101.9,MEDIUM
Work Item 294,Operational work item for maintenance,Maintenance,MEDIUM,IN_PROGRESS,51.44,5,2,32.91,236.19,MEDIUM
Work Item 295,Operational work item for operations,Operations,MEDIUM,OPEN,33.34,3,5,27.59,52.72,MEDIUM
Work Item 296,Operational work item for inspection,Inspection,HIGH,IN_PROGRESS,3.46,0,7,44.22,207.72,MEDIUM
Work Item 297,Operational work item for operations,Operations,HIGH,IN_PROGRESS,38.38,3,5,24.44,23.7,HIGH
Work Item 298,Operational work item for maintenance,Maintenance,HIGH,OPEN,13.14,2,5,63.64,6.25,HIGH
Work Item 299,Operational work item for maintenance,Maintenance,MEDIUM,IN_PROGRESS,63.95,3,4,109.42,232.27,HIGH
Work Item 300,Operational work item for support,Support,LOW,BLOCKED,15.65,0,5,14.08,31.79,MEDIUM
Work Item 301,Operational work item for inspection,Inspection,LOW,IN_PROGRESS,55.16,3,0,24.06,119.0,LOW
Work Item 302,Operational work item for operations,Operations,HIGH,DONE,6.07,5,4,32.28,191.82,MEDIUM
Work Item 303,Operational work item for development,Development,MEDIUM,IN_PROGRESS,25.52,4,0,1.39,19.24,LOW
Work Item 304,Operational work item for inspection,Inspection,HIGH,OPEN,32.01,5,6,72.0,71.42,HIGH
Work Item 305,Operational work item for support,Support,LOW,IN_PROGRESS,55.9,0,3,93.58,11.43,MEDIUM
Work Item 306,Operational work item for development,Development,HIGH,BLOCKED,38.96,0,0,12.34,137.88,LOW
Work Item 307,Operational work item for inspection,Inspection,HIGH,BLOCKED,2.45,5,5,25.24,84.35,HIGH
Work Item 308,Operational work item for inspection,Inspection,MEDIUM,IN_PROGRESS,62.29,1,3,8.69,129.15,LOW
Work Item 309,Operational work item for support,Support,LOW,BLOCKED,70.72,5,0,98.94,87.16,HIGH
Work Item 310,Operational work item for maintenance,Maintenance,MEDIUM,IN_PROGRESS,26.45,5,6,24.1,166.98,MEDIUM
Work Item 311,Operational work item for maintenance,Maintenance,MEDIUM,IN_PROGRESS,65.89,1,6,80.45,228.47,HIGH
Work Item 312,Operational work item for development,Development,LOW,OPEN,10.81,2,5,71.37,148.75,LOW
Work Item 313,Operational work item for operations,Operations,MEDIUM,OPEN,49.42,0,1,112.22,227.47,LOW
Work Item 314,Operational work item for support,Support,LOW,IN_PROGRESS,50.4,3,5,73.47,117.29,MEDIUM
Work Item 315,Operational work item for development,Development,MEDIUM,IN_PROGRESS,53.2,3,5,98.08,109.65,HIGH
Work Item 316,Operational work item for maintenance,Maintenance,HIGH,IN_PROGRESS,51.84,0,3,87.79,21.43,HIGH
Work Item 317,Operational work item for operations,Operations,LOW,DONE,5.77,3,4,57.51,148.55,LOW
Work Item 318,Operational work item for support,Support,LOW,DONE,26.99,5,3,89.31,209.5,MEDIUM
Work Item 319,Operational work item for development,Development,MEDIUM,IN_PROGRESS,35.26,2,3,66.64,173.17,LOW
Work Item 320,Operational work item for development,Development,HIGH,OPEN,19.05,0,2,78.04,49.49,MEDIUM
Work Item 321,Operational work item for support,Support,MEDIUM,IN_PROGRESS,54.74,4,5,3.68,63.33,MEDIUM
Work Item 322,Operational work item for development,Development,LOW,DONE,37.55,5,4,87.26,178.76,MEDIUM
Work Item 323,Operational work item for inspection,Inspection,LOW,IN_PROGRESS,34.61,3,3,44.52,237.06,LOW
Work Item 324,Operational work item for support,Support,HIGH,BLOCKED,4.17,0,2,69.44,106.39,MEDIUM
Work Item 325,Operational work item for support,Support,MEDIUM,OPEN,58.3,3,1,71.73,190.72,MEDIUM
Work Item 326,Operational work item for support,Support,LOW,OPEN,52.75,2,2,34.06,87.48,LOW
Work Item 327,Operational work item for maintenance,Maintenance,MEDIUM,BLOCKED,31.32,1,7,100.32,58.12,HIGH
Work Item 328,Operational work item for inspection,Inspection,MEDIUM,DONE,62.3,3,7,72.22,152.54,HIGH
Work Item 329,Operational work item for operations,Operations,LOW,IN_PROGRESS,30.46,1,6,49.56,18.45,MEDIUM
Work Item 330,Operational work item for support,Support,MEDIUM,OPEN,35.54,5,3,48.6,143.11,MEDIUM
Work Item 331,Operational work item for maintenance,Maintenance,LOW,IN_PROGRESS,46.77,3,1,11.43,157.21,LOW
Work Item 332,Operational work item for support,Support,LOW,IN_PROGRESS,25.66,3,1,102.96,4.15,MEDIUM
Work Item 333,Operational work item for maintenance,Maintenance,MEDIUM,DONE,47.48,3,7,47.6,58.41,HIGH
Work Item 334,Operational work item for development,Development,LOW,DONE,19.54,1,2,53.04,80.75,LOW
Work Item 335,Operational work item for support,Support,HIGH,OPEN,36.45,3,5,17.49,108.97,MEDIUM
Work Item 336,Operational work item for inspection,Inspection,HIGH,IN_PROGRESS,47.44,3,0,30.3,87.5,LOW
Work Item 337,Operational work item for development,Development,LOW,DONE,30.97,2,4,42.81,128.98,LOW
Work Item 338,Operational work item for support,Support,HIGH,DONE,62.76,3,7,70.24,208.65,HIGH
Work Item 339,Operational work item for support,Support,LOW,IN_PROGRESS,17.26,4,3,32.37,15.59,MEDIUM
Work Item 340,Operational work item for support,Support,MEDIUM,IN_PROGRESS,42.96,3,1,4.72,31.06,LOW
Work Item 341,Operational work item for support,Support,MEDIUM,DONE,36.72,4,2,37.94,122.72,LOW
Work Item 342,Operational work item for inspection,Inspection,LOW,OPEN,4.28,1,3,118.4,231.7,LOW
Work Item 343,Operational work item for support,Support,MEDIUM,DONE,1.39,1,0,76.69,208.56,LOW
Work Item 344,Operational work item for inspection,Inspection,HIGH,OPEN,36.92,2,1,41.12,128.67,LOW
Work Item 345,Operational work item for support,Support,MEDIUM,IN_PROGRESS,10.93,5,4,17.23,225.68,LOW
Work Item 346,Operational work item for inspection,Inspection,MEDIUM,OPEN,58.9,1,4,11.27,162.08,LOW
Work Item 347,Operational work item for development,Development,HIGH,IN_PROGRESS,36.06,4,6,21.26,166.84,MEDIUM
Work Item 348,Operational work item for operations,Operations,LOW,OPEN,67.21,1,2,81.99,120.33,MEDIUM
Work Item 349,Operational work item for operations,Operations,LOW,IN_PROGRESS,49.81,0,3,13.57,191.33,LOW
Work Item 350,Operational work item for maintenance,Maintenance,MEDIUM,BLOCKED,73.58,0,2,112.91,198.79,HIGH
Work Item 351,Operational work item for development,Development,HIGH,IN_PROGRESS,53.69,0,1,41.83,39.91,MEDIUM
Work Item 352,Operational work item for support,Support,MEDIUM,DONE,48.79,0,0,48.83,209.24,LOW
Work Item 353,Operational work item for development,Development,LOW,IN_PROGRESS,62.81,4,6,88.61,211.09,HIGH
Work Item 354,Operational work item for support,Support,MEDIUM,OPEN,32.93,5,3,80.11,194.27,HIGH
Work Item 355,Operational work item for operations,Operations,LOW,IN_PROGRESS,61.22,0,6,52.27,196.64,MEDIUM
Work Item 356,Operational work item for inspection,Inspection,HIGH,IN_PROGRESS,10.5,5,6,0.69,79.25,MEDIUM
Work Item 357,Operational work item for inspection,Inspection,MEDIUM,OPEN,29.95,4,2,46.63,108.79,LOW
Work Item 358,Operational work item for inspection,Inspection,HIGH,DONE,19.77,0,2,27.27,19.42,MEDIUM
Work Item 359,Operational work item for operations,Operations,MEDIUM,IN_PROGRESS,48.67,5,5,74.34,112.31,HIGH
Work Item 360,Operational work item for support,Support,HIGH,OPEN,31.0,1,7,62.29,116.05,HIGH
Work Item 361,Operational work item for operations,Operations,LOW,OPEN,3.03,1,0,45.62,96.92,LOW
Work Item 362,Operational work item for operations,Operations,LOW,DONE,46.83,3,3,72.95,184.04,MEDIUM
Work Item 363,Operational work item for maintenance,Maintenance,LOW,OPEN,65.23,1,3,114.66,6.34,HIGH
Work Item 364,Operational work item for operations,Operations,LOW,OPEN,16.47,4,3,114.56,157.82,MEDIUM
Work Item 365,Operational work item for maintenance,Maintenance,LOW,DONE,31.03,3,4,57.5,48.3,LOW
Work Item 366,Operational work item for maintenance,Maintenance,HIGH,IN_PROGRESS,14.14,3,7,62.77,161.48,HIGH
Work Item 367,Operational work item for maintenance,Maintenance,LOW,DONE,74.44,3,2,69.71,23.33,HIGH
Work Item 368,Operational work item for maintenance,Maintenance,LOW,BLOCKED,57.69,1,0,117.21,197.92,MEDIUM
Work Item 369,Operational work item for support,Support,MEDIUM,OPEN,42.28,3,1,95.97,45.93,HIGH
Work Item 370,Operational work item for operations,Operations,LOW,BLOCKED,24.33,0,1,22.23,220.43,LOW
Work Item 371,Operational work item for development,Development,LOW,OPEN,34.54,5,6,97.89,90.9,HIGH
Work Item 372,Operational work item for inspection,Inspection,MEDIUM,IN_PROGRESS,42.59,2,4,72.19,196.97,MEDIUM
Work Item 373,Operational work item for operations,Operations,MEDIUM,OPEN,70.85,0,1,25.45,147.41,LOW
Work Item 374,Operational work item for operations,Operations,LOW,BLOCKED,33.47,4,1,108.0,86.11,HIGH
Work Item 375,Operational work item for inspection,Inspection,LOW,IN_PROGRESS,19.71,4,3,32.98,197.78,LOW
Work Item 376,Operational work item for development,Development,LOW,IN_PROGRESS,34.48,1,0,11.46,150.48,LOW
Work Item 377,Operational work item for development,Development,MEDIUM,OPEN,36.69,1,4,20.16,177.38,LOW
Work Item 378,Operational work item for operations,Operations,LOW,OPEN,69.16,4,0,21.41,76.32,LOW
Work Item 379,Operational work item for operations,Operations,LOW,OPEN,19.19,2,1,30.83,152.42,LOW
Work Item 380,Operational work item for support,Support,MEDIUM,IN_PROGRESS,5.62,0,1,32.94,144.1,LOW
Work Item 381,Operational work item for support,Support,MEDIUM,IN_PROGRESS,54.39,1,5,53.49,174.44,MEDIUM
Work Item 382,Operational work item for inspection,Inspection,MEDIUM,IN_PROGRESS,2.25,3,5,12.49,174.39,LOW
Work Item 383,Operational work item for operations,Operations,MEDIUM,OPEN,46.69,4,5,31.79,155.58,MEDIUM
Work Item 384,Operational work item for development,Development,MEDIUM,OPEN,48.06,0,7,44.03,83.77,MEDIUM
Work Item 385,Operational work item for development,Development,HIGH,IN_PROGRESS,49.76,4,0,99.82,161.37,MEDIUM
Work Item 386,Operational work item for support,Support,MEDIUM,BLOCKED,6.52,4,7,105.61,156.91,HIGH
Work Item 387,Operational work item for support,Support,MEDIUM,IN_PROGRESS,43.1,4,1,39.96,161.34,LOW
Work Item 388,Operational work item for development,Development,HIGH,IN_PROGRESS,79.54,1,5,66.93,175.89,HIGH
Work Item 389,Operational work item for inspection,Inspection,LOW,DONE,37.75,5,3,10.65,230.88,LOW
Work Item 390,Operational work item for support,Support,MEDIUM,BLOCKED,51.16,0,6,64.3,25.01,HIGH
Work Item 391,Operational work item for operations,Operations,HIGH,IN_PROGRESS,36.58,3,0,36.1,235.53,LOW
Work Item 392,Operational work item for inspection,Inspection,HIGH,IN_PROGRESS,38.52,5,4,14.38,233.85,MEDIUM
Work Item 393,Operational work item for development,Development,MEDIUM,DONE,2.58,3,7,92.23,59.99,HIGH
Work Item 394,Operational work item for support,Support,HIGH,BLOCKED,54.05,3,5,30.85,189.52,HIGH
Work Item 395,Operational work item for operations,Operations,MEDIUM,IN_PROGRESS,69.31,4,7,60.82,39.91,HIGH
Work Item 396,Operational work item for development,Development,MEDIUM,OPEN,5.99,3,0,27.28,83.32,LOW
Work Item 397,Operational work item for operations,Operations,LOW,OPEN,31.09,1,2,28.69,123.31,LOW
Work Item 398,Operational work item for operations,Operations,MEDIUM,BLOCKED,66.2,5,6,113.09,209.85,HIGH
Work Item 399,Operational work item for operations,Operations,LOW,IN_PROGRESS,13.78,5,2,68.95,136.84,LOW
Work Item 400,Operational work item for operations,Operations,HIGH,DONE,31.89,3,6,47.66,130.46,MEDIUM
Work Item 401,Operational work item for operations,Operations,MEDIUM,IN_PROGRESS,50.61,5,7,63.9,173.7,HIGH
Work Item 402,Operational work item for support,Support,HIGH,DONE,12.16,3,5,9.71,97.91,MEDIUM
Work Item 403,Operational work item for support,Support,LOW,OPEN,14.71,1,2,41.53,234.2,LOW
Work Item 404,Operational work item for maintenance,Maintenance,HIGH,IN_PROGRESS,51.64,0,1,15.9,207.16,LOW
Work Item 405,Operational work item for development,Development,HIGH,IN_PROGRESS,73.9,5,0,72.75,184.02,HIGH
Work Item 406,Operational work item for inspection,Inspection,LOW,BLOCKED,14.81,2,2,47.84,36.84,MEDIUM
Work Item 407,Operational work item for development,Development,LOW,IN_PROGRESS,30.04,4,1,60.73,57.35,LOW
Work Item 408,Operational work item for support,Support,MEDIUM,IN_PROGRESS,7.32,3,7,14.64,143.44,MEDIUM
Work Item 409,Operational work item for operations,Operations,LOW,IN_PROGRESS,74.98,3,1,33.33,204.64,LOW
Work Item 410,Operational work item for maintenance,Maintenance,MEDIUM,DONE,1.03,2,5,72.31,88.82,MEDIUM
Work Item 411,Operational work item for inspection,Inspection,LOW,IN_PROGRESS,31.53,4,2,23.01,52.4,LOW
Work Item 412,Operational work item for development,Development,LOW,IN_PROGRESS,39.28,1,4,74.34,72.77,LOW
Work Item 413,Operational work item for maintenance,Maintenance,MEDIUM,IN_PROGRESS,35.0,0,2,8.96,188.28,LOW
Work Item 414,Operational work item for development,Development,MEDIUM,OPEN,21.97,3,0,61.13,239.21,LOW
Work Item 415,Operational work item for operations,Operations,LOW,IN_PROGRESS,65.3,3,3,20.85,158.06,LOW
Work Item 416,Operational work item for inspection,Inspection,MEDIUM,IN_PROGRESS,67.99,1,6,95.05,98.34,HIGH
Work Item 417,Operational work item for inspection,Inspection,LOW,DONE,52.67,2,6,63.06,116.63,MEDIUM
Work Item 418,Operational work item for maintenance,Maintenance,LOW,IN_PROGRESS,14.97,4,5,115.66,61.16,HIGH
Work Item 419,Operational work item for support,Support,MEDIUM,BLOCKED,11.57,4,5,94.84,140.55,HIGH
Work Item 420,Operational work item for development,Development,LOW,OPEN,54.8,4,0,38.82,200.56,LOW
Work Item 421,Operational work item for maintenance,Maintenance,LOW,IN_PROGRESS,50.71,4,1,7.75,12.15,MEDIUM
Work Item 422,Operational work item for support,Support,MEDIUM,DONE,30.34,0,3,77.53,120.84,LOW
Work Item 423,Operational work item for inspection,Inspection,LOW,DONE,22.02,4,1,15.26,207.79,LOW
Work Item 424,Operational work item for inspection,Inspection,MEDIUM,IN_PROGRESS,20.23,1,7,97.28,148.15,MEDIUM
Work Item 425,Operational work item for operations,Operations,HIGH,IN_PROGRESS,68.91,1,4,114.75,33.69,HIGH
Work Item 426,Operational work item for support,Support,MEDIUM,IN_PROGRESS,9.07,0,0,82.58,106.15,LOW
Work Item 427,Operational work item for support,Support,LOW,OPEN,21.12,1,1,4.61,216.62,LOW
Work Item 428,Operational work item for development,Development,LOW,DONE,37.46,2,6,79.12,215.04,MEDIUM
Work Item 429,Operational work item for inspection,Inspection,HIGH,DONE,51.3,0,3,54.07,212.03,MEDIUM
Work Item 430,Operational work item for development,Development,MEDIUM,OPEN,9.35,3,0,53.19,13.38,MEDIUM
Work Item 431,Operational work item for development,Development,MEDIUM,IN_PROGRESS,4.0,2,0,8.65,18.96,LOW
Work Item 432,Operational work item for maintenance,Maintenance,HIGH,BLOCKED,1.96,4,3,88.5,86.07,HIGH
Work Item 433,Operational work item for operations,Operations,LOW,OPEN,24.43,2,3,92.96,159.41,LOW
Work Item 434,Operational work item for maintenance,Maintenance,MEDIUM,IN_PROGRESS,15.63,2,1,11.81,159.15,LOW
Work Item 435,Operational work item for maintenance,Maintenance,HIGH,IN_PROGRESS,61.39,1,5,9.91,124.49,MEDIUM
Work Item 436,Operational work item for maintenance,Maintenance,LOW,OPEN,72.01,0,0,45.83,50.95,LOW
Work Item 437,Operational work item for inspection,Inspection,LOW,OPEN,10.59,5,3,92.96,155.25,MEDIUM
Work Item 438,Operational work item for development,Development,LOW,BLOCKED,42.89,5,6,116.22,192.09,HIGH
Work Item 439,Operational work item for operations,Operations,MEDIUM,IN_PROGRESS,24.13,1,5,58.32,221.03,LOW
Work Item 440,Operational work item for operations,Operations,MEDIUM,DONE,42.14,3,1,15.37,82.51,LOW
Work Item 441,Operational work item for support,Support,MEDIUM,DONE,74.32,0,0,45.12,132.92,LOW
Work Item 442,Operational work item for maintenance,Maintenance,HIGH,IN_PROGRESS,31.7,1,5,32.85,222.94,MEDIUM
Work Item 443,Operational work item for support,Support,MEDIUM,IN_PROGRESS,54.4,2,5,1.53,238.19,LOW
Work Item 444,Operational work item for support,Support,MEDIUM,IN_PROGRESS,54.04,5,6,105.51,63.51,HIGH
Work Item 445,Operational work item for development,Development,MEDIUM,IN_PROGRESS,43.98,4,4,26.53,234.86,MEDIUM
Work Item 446,Operational work item for support,Support,LOW,IN_PROGRESS,60.11,5,6,21.67,14.82,HIGH
Work Item 447,Operational work item for inspection,Inspection,LOW,DONE,26.28,5,2,32.32,130.41,LOW
Work Item 448,Operational work item for development,Development,MEDIUM,IN_PROGRESS,58.51,1,4,82.24,23.87,HIGH
Work Item 449,Operational work item for inspection,Inspection,MEDIUM,DONE,77.25,2,6,100.88,176.41,HIGH
Work Item 450,Operational work item for maintenance,Maintenance,MEDIUM,DONE,43.84,4,0,61.0,72.82,LOW
Work Item 451,Operational work item for maintenance,Maintenance,LOW,IN_PROGRESS,45.64,4,5,104.8,153.44,HIGH
Work Item 452,Operational work item for support,Support,HIGH,IN_PROGRESS,61.13,1,1,1.12,60.71,MEDIUM
Work Item 453,Operational work item for maintenance,Maintenance,HIGH,OPEN,58.39,0,3,11.9,97.56,LOW
Work Item 454,Operational work item for development,Development,LOW,BLOCKED,64.21,2,0,66.61,176.47,MEDIUM
Work Item 455,Operational work item for support,Support,MEDIUM,IN_PROGRESS,49.66,2,1,42.65,188.54,LOW
Work Item 456,Operational work item for development,Development,MEDIUM,OPEN,44.78,5,1,91.32,10.4,HIGH
Work Item 457,Operational work item for inspection,Inspection,MEDIUM,IN_PROGRESS,59.91,5,0,114.97,89.57,MEDIUM
Work Item 458,Operational work item for inspection,Inspection,MEDIUM,IN_PROGRESS,26.83,2,6,36.67,210.64,MEDIUM
Work Item 459,Operational work item for development,Development,LOW,IN_PROGRESS,79.71,3,6,53.83,173.85,HIGH
Work Item 460,Operational work item for operations,Operations,LOW,BLOCKED,71.01,2,1,46.98,100.2,MEDIUM
Work Item 461,Operational work item for operations,Operations,HIGH,IN_PROGRESS,55.95,4,1,74.35,86.61,HIGH
Work Item 462,Operational work item for support,Support,MEDIUM,DONE,63.74,3,0,70.58,116.47,MEDIUM
Work Item 463,Operational work item for development,Development,HIGH,IN_PROGRESS,51.74,4,7,27.05,169.3,HIGH
Work Item 464,Operational work item for inspection,Inspection,LOW,BLOCKED,5.17,1,5,96.6,66.22,HIGH
Work Item 465,Operational work item for support,Support,LOW,IN_PROGRESS,66.18,0,6,9.25,15.94,MEDIUM
Work Item 466,Operational work item for operations,Operations,HIGH,IN_PROGRESS,27.4,5,1,84.92,189.69,MEDIUM
Work Item 467,Operational work item for operations,Operations,LOW,IN_PROGRESS,41.86,4,3,14.69,177.05,LOW
Work Item 468,Operational work item for maintenance,Maintenance,MEDIUM,IN_PROGRESS,19.63,3,0,71.79,177.09,LOW
Work Item 469,Operational work item for development,Development,HIGH,IN_PROGRESS,79.87,3,5,77.11,102.26,HIGH
Work Item 470,Operational work item for maintenance,Maintenance,LOW,DONE,51.26,2,6,49.19,201.87,MEDIUM
Work Item 471,Operational work item for inspection,Inspection,LOW,DONE,31.32,0,1,70.53,45.91,LOW
Work Item 472,Operational work item for operations,Operations,MEDIUM,IN_PROGRESS,29.62,1,2,3.14,7.76,LOW
Work Item 473,Operational work item for operations,Operations,LOW,IN_PROGRESS,66.7,4,5,62.17,73.1,HIGH
Work Item 474,Operational work item for maintenance,Maintenance,LOW,IN_PROGRESS,75.31,1,2,51.56,209.71,LOW
Work Item 475,Operational work item for operations,Operations,LOW,IN_PROGRESS,67.51,4,3,96.32,111.05,HIGH
Work Item 476,Operational work item for development,Development,HIGH,OPEN,39.15,5,1,9.67,175.25,LOW
Work Item 477,Operational work item for maintenance,Maintenance,LOW,IN_PROGRESS,40.22,0,7,87.54,184.19,MEDIUM
Work Item 478,Operational work item for development,Development,HIGH,IN_PROGRESS,13.55,3,3,16.24,180.83,LOW
Work Item 479,Operational work item for development,Development,LOW,OPEN,52.9,3,4,8.27,15.58,MEDIUM
Work Item 480,Operational work item for operations,Operations,HIGH,OPEN,23.29,3,6,29.64,217.69,MEDIUM
Work Item 481,Operational work item for support,Support,HIGH,IN_PROGRESS,20.71,5,6,53.97,186.86,HIGH
Work Item 482,Operational work item for development,Development,MEDIUM,IN_PROGRESS,6.16,4,3,4.03,16.91,MEDIUM
Work Item 483,Operational work item for operations,Operations,HIGH,DONE,72.61,0,4,63.89,99.84,MEDIUM
Work Item 484,Operational work item for development,Development,LOW,OPEN,28.44,1,7,79.65,231.29,MEDIUM
Work Item 485,Operational work item for inspection,Inspection,HIGH,IN_PROGRESS,45.25,4,1,99.34,189.48,HIGH
Work Item 486,Operational work item for inspection,Inspection,MEDIUM,IN_PROGRESS,50.33,4,1,117.55,36.5,HIGH
Work Item 487,Operational work item for support,Support,LOW,BLOCKED,58.29,4,7,40.59,75.47,HIGH
Work Item 488,Operational work item for development,Development,MEDIUM,IN_PROGRESS,75.82,3,0,21.96,7.24,MEDIUM
Work Item 489,Operational work item for development,Development,LOW,DONE,57.88,1,0,102.07,135.57,LOW
Work Item 490,Operational work item for development,Development,HIGH,DONE,42.35,4,4,103.22,174.03,HIGH
Work Item 491,Operational work item for maintenance,Maintenance,LOW,IN_PROGRESS,6.35,5,0,65.22,21.45,MEDIUM
Work Item 492,Operational work item for maintenance,Maintenance,MEDIUM,OPEN,37.21,0,1,19.89,227.08,LOW
Work Item 493,Operational work item for support,Support,LOW,DONE,68.15,1,1,55.48,100.0,LOW
Work Item 494,Operational work item for support,Support,MEDIUM,OPEN,52.43,5,3,7.47,123.98,MEDIUM
Work Item 495,Operational work item for maintenance,Maintenance,HIGH,IN_PROGRESS,64.71,1,2,6.23,189.13,LOW
Work Item 496,Operational work item for operations,Operations,MEDIUM,IN_PROGRESS,16.91,4,3,65.38,182.51,MEDIUM
Work Item 497,Operational work item for support,Support,LOW,OPEN,60.57,4,6,105.55,209.2,HIGH
Work Item 498,Operational work item for operations,Operations,LOW,OPEN,19.86,0,7,118.2,185.74,MEDIUM
Work Item 499,Operational work item for support,Support,MEDIUM,OPEN,3.15,0,7,55.67,218.39,MEDIUM
Work Item 500,Operational work item for maintenance,Maintenance,LOW,OPEN,43.56,3,2,12.66,158.31,LOW
